{
  "we": 0.9109805693628559,
  "wd": 0.08901943063714415,
  "tv": 2090692922.1198013,
  "wacc": 0.07940840488025305,
  "dcf": [
    [
      121500000.00000001,
      0.9264406151565685
    ],
    [
      131220000.00000001,
      0.8582922134116812
    ],
    [
      141717600.00000003,
      0.7951567661772106
    ],
    [
      153055008.00000003,
      0.7366655236031228
    ],
    [
      165299408.64000008,
      0.6824768608515127
    ],
    [
      178523361.33120006,
      0.6322742827973993
    ],
    [
      192805230.2376961,
      0.5857645755025008
    ],
    [
      208229648.6567118,
      0.542676093665463
    ],
    [
      224888020.54924875,
      0.5027571740461952
    ],
    [
      242879062.19318867,
      0.46577466559773506
    ]
  ],
  "rd": 0.013999999999999999,
  "re": 0.0858,
  "ivps": 66.92485106218392,
  "npv": 1128445152.702813
}